{
  "protocol_id": "KT-2",
  "protocol_version": "1.0",
  "test": "step_envelope",
  "git_hash": "e7057054661c",
  "timestamp": "2025-12-24T17:07:26.052257",
  "seeds": {
    "perturb": 42,
    "eval": 12345,
    "recovery": 2025
  },
  "envelopes": {
    "none": {
      "lr_values": [
        0.0001,
        0.0003,
        0.001,
        0.003,
        0.01,
        0.03,
        0.1,
        0.3,
        1.0
      ],
      "ci_values": [
        0.0012328588687482824,
        0.0034743649091038067,
        0.009837456218103242,
        0.030200277022104854,
        0.06782752069217755,
        0.1904369847030424,
        0.1977337008501098,
        0.0,
        0.0
      ],
      "best_lr": 0.1,
      "best_ci": 0.1977337008501098,
      "constraint_type": "none"
    },
    "scale": {
      "lr_values": [
        0.0001,
        0.0003,
        0.001,
        0.003,
        0.01,
        0.03,
        0.1,
        0.3,
        1.0
      ],
      "ci_values": [
        0.0012268717444104563,
        0.003472287743517214,
        0.010004118209874565,
        0.030147126020330272,
        0.06215893580636595,
        0.19143494058118926,
        0.2053041141097635,
        0.0,
        0.0
      ],
      "best_lr": 0.1,
      "best_ci": 0.2053041141097635,
      "constraint_type": "scale"
    },
    "shape": {
      "lr_values": [
        0.0001,
        0.0003,
        0.001,
        0.003,
        0.01,
        0.03,
        0.1,
        0.3,
        1.0
      ],
      "ci_values": [
        0.0012268717444104563,
        0.003472287743517214,
        0.010004240396085542,
        0.030147126020330272,
        0.062158813620154976,
        0.1914347573018728,
        0.20530484722702938,
        0.0,
        0.0
      ],
      "best_lr": 0.1,
      "best_ci": 0.20530484722702938,
      "constraint_type": "shape"
    },
    "direct": {
      "lr_values": [
        0.0001,
        0.0003,
        0.001,
        0.003,
        0.01,
        0.03,
        0.1,
        0.3,
        1.0
      ],
      "ci_values": [
        0.0012328588687482824,
        0.0034743649091038067,
        0.009837456218103242,
        0.030200277022104854,
        0.06782752069217755,
        0.1904369847030424,
        0.1977337008501098,
        0.0,
        0.0
      ],
      "best_lr": 0.1,
      "best_ci": 0.1977337008501098,
      "constraint_type": "direct"
    }
  },
  "all_fail": false
}