{
  "protocol_id": "KT-2",
  "protocol_version": "1.0",
  "test": "step_envelope",
  "git_hash": "e7057054661c",
  "timestamp": "2025-12-24T17:07:23.018801",
  "seeds": {
    "perturb": 42,
    "eval": 12345,
    "recovery": 2025
  },
  "envelopes": {
    "none": {
      "lr_values": [
        0.0001,
        0.0003,
        0.001,
        0.003,
        0.01,
        0.03,
        0.1,
        0.3,
        1.0
      ],
      "ci_values": [
        0.0008110832695331909,
        0.002470682742056231,
        0.008818129610004218,
        0.029535239300804095,
        0.09279056707538319,
        0.23256153918329142,
        0.17786536623418986,
        0.0,
        0.0
      ],
      "best_lr": 0.03,
      "best_ci": 0.23256153918329142,
      "constraint_type": "none"
    },
    "scale": {
      "lr_values": [
        0.0001,
        0.0003,
        0.001,
        0.003,
        0.01,
        0.03,
        0.1,
        0.3,
        1.0
      ],
      "ci_values": [
        0.000876563619603147,
        0.0026559921327542067,
        0.009241023537539353,
        0.030255414017656832,
        0.0967992741066659,
        0.2345971049991328,
        0.16564989779472275,
        0.0,
        0.0
      ],
      "best_lr": 0.03,
      "best_ci": 0.2345971049991328,
      "constraint_type": "scale"
    },
    "shape": {
      "lr_values": [
        0.0001,
        0.0003,
        0.001,
        0.003,
        0.01,
        0.03,
        0.1,
        0.3,
        1.0
      ],
      "ci_values": [
        0.000876563619603147,
        0.0026559921327542067,
        0.009241023537539353,
        0.030255632285490396,
        0.0967992741066659,
        0.234596995865216,
        0.16565000692863954,
        0.0,
        0.0
      ],
      "best_lr": 0.03,
      "best_ci": 0.234596995865216,
      "constraint_type": "shape"
    },
    "direct": {
      "lr_values": [
        0.0001,
        0.0003,
        0.001,
        0.003,
        0.01,
        0.03,
        0.1,
        0.3,
        1.0
      ],
      "ci_values": [
        0.0008110832695331909,
        0.002470682742056231,
        0.008818129610004218,
        0.029535239300804095,
        0.09279056707538319,
        0.23256153918329142,
        0.17786536623418986,
        0.0,
        0.0
      ],
      "best_lr": 0.03,
      "best_ci": 0.23256153918329142,
      "constraint_type": "direct"
    }
  },
  "all_fail": false
}