{
  "protocol_id": "KT-2",
  "protocol_version": "1.0",
  "test": "step_envelope",
  "git_hash": "e7057054661c",
  "timestamp": "2025-12-24T17:07:27.909911",
  "seeds": {
    "perturb": 42,
    "eval": 12345,
    "recovery": 2025
  },
  "envelopes": {
    "none": {
      "lr_values": [
        0.0001,
        0.0003,
        0.001,
        0.003,
        0.01,
        0.03,
        0.1,
        0.3,
        1.0
      ],
      "ci_values": [
        0.001381884491759125,
        0.004155889656697814,
        0.013779644995560711,
        0.0372258511795607,
        0.11751601551636438,
        0.2126756873693969,
        0.21675841159298725,
        0.0,
        0.0
      ],
      "best_lr": 0.1,
      "best_ci": 0.21675841159298725,
      "constraint_type": "none"
    },
    "scale": {
      "lr_values": [
        0.0001,
        0.0003,
        0.001,
        0.003,
        0.01,
        0.03,
        0.1,
        0.3,
        1.0
      ],
      "ci_values": [
        0.0013213979651838098,
        0.003967799823097266,
        0.013126739469277547,
        0.034909566172456365,
        0.11396824809223532,
        0.22012617344043306,
        0.27284954513041515,
        0.0,
        0.0
      ],
      "best_lr": 0.1,
      "best_ci": 0.27284954513041515,
      "constraint_type": "scale"
    },
    "shape": {
      "lr_values": [
        0.0001,
        0.0003,
        0.001,
        0.003,
        0.01,
        0.03,
        0.1,
        0.3,
        1.0
      ],
      "ci_values": [
        0.0013213979651838098,
        0.003967799823097266,
        0.013126739469277547,
        0.034909566172456365,
        0.11396836441247873,
        0.2201264060809199,
        0.2728493124899283,
        0.0,
        0.0
      ],
      "best_lr": 0.1,
      "best_ci": 0.2728493124899283,
      "constraint_type": "shape"
    },
    "direct": {
      "lr_values": [
        0.0001,
        0.0003,
        0.001,
        0.003,
        0.01,
        0.03,
        0.1,
        0.3,
        1.0
      ],
      "ci_values": [
        0.001381884491759125,
        0.004155889656697814,
        0.013779644995560711,
        0.0372258511795607,
        0.11751601551636438,
        0.2126756873693969,
        0.21675841159298725,
        0.0,
        0.0
      ],
      "best_lr": 0.1,
      "best_ci": 0.21675841159298725,
      "constraint_type": "direct"
    }
  },
  "all_fail": false
}